s_no,first_name,last_name,age,dateofexpire,gender,ccnumber
1,Alice,Turner,24,2074-06-13,Male,3528821053377392
2,Adeline,Rowe,43,2062-03-24,Male,30038684676665
3,Bill,Rivera,25,2105-08-18,Female,6011293367292070
4,Herman,Fields,28,2031-01-07,Male,6304511744308129
5,Cody,Hawkins,48,2112-05-23,Male,4626292654594810
6,Lewis,Poole,60,2079-04-16,Female,201465164053870
7,Mildred,Schwartz,19,2114-01-26,Female,4903483351438666
8,Jerry,Steele,55,2045-03-14,Female,4903231021380382
9,Steve,Moody,57,2108-11-21,Female,6375691522770601
10,Catherine,Harmon,62,2033-08-28,Female,341535789587147
